"Position","product_link","age","number_of_pieces","title","price","image_link","product_description"
1,"https://www.lego.com/nl-nl/product/professors-of-hogwarts-40560","10+",601,"Leraren van Zweinstein™","€39,99","https://www.lego.com/cdn/cs/set/assets/blt8c72d4089c3dad47/40560.png","Dit is een betoverende verrassing voor fans van de Harry Potter™ films van 10 jaar en ouder. De set LEGO® BrickHeadz™ Leraren van Zweinstein™ (40560) bevat 4 leuke verzamelmodellen van beroemde leraren in BrickHeadz vorm. De figuren zijn ideaal om mee te spelen en neer te zetten en zijn voorzien van allerlei authentieke details: professor Sneep™ draagt een zwarte mantel, professor Anderling™ heeft een groene jurk, een heksenhoed en goudkleurige veren, de figuur van professor Dolleman heeft een vreemd, bijzonder oog en professor Zwamdrift heeft een kleurige hoofdband om. Cadeau voor Harry Potter™ fans - LEGO® BrickHeadz™ Leraren van Zweinstein™ (40560) bevat bouwbare modellen van de professoren Sneep™, Anderling™, Dolleman en Zwamdrift voor heksen en toveraars vanaf 10 jaar Authentieke details - Sneep draagt zijn zwarte mantel, Anderling heeft een groene jurk, heksenhoed en goudkleurige veren, Dolleman heeft een vreemd, bijzonder oog en Zwamdrift heeft een kleurige hoofdband om Ontwerp om mee te spelen en neer te zetten - de 4 personages zijn ca. 8 cm hoog en hebben elk een eigen bouwplaat om ze eenvoudig neer te kunnen zetten. Geweldig als cadeau voor een verjaardag, de feestdagen of zomaar tussendoor"
2,"https://www.lego.com/nl-nl/product/harry-hermione-ron-hagrid-40495","10+",466,"Harry, Hermelien, Ron & Hagrid™","€24,99","https://www.lego.com/cdn/cs/set/assets/bltbc78df8e2ce91566/40495.jpg","LEGO® BrickHeadz™ versies van 4 van de bekendste personages uit de Harry Potter™ films: Harry Potter, Hermelien Griffel™, Ron Wemel™ en Rubeus Hagrid™. Beroemde figuren - met de LEGO® BrickHeadz™ Harry, Hermelien, Ron & Hagrid™ (40495) bouwset kunnen kinderen gedetailleerde LEGO BrickHeadz modellen van de 4 populaire Zweinstein™ personages namaken. Bouwen, spelen en neerzetten - verras LEGO® bouwers en Harry Potter™ fans van 10 jaar en ouder met dit creatieve bouwcadeau. Opvallende modellen - deze 466-delige set bevat een ca. 9 cm hoog model van Hagrid™. De 3 leerlingen zijn elk ca. 5 cm hoog."
3,"https://www.lego.com/nl-nl/product/chip-dale-40550","10+",226,"Knabbel & Babbel","€19,99","https://www.lego.com/cdn/cs/set/assets/blt0bac66ed0828e8ef/40550.png","Keer terug naar je jeugd met deze leuke LEGO® BrickHeadz™ bouwfiguren van de schattige Disney eekhoorns Knabbel & Babbel (40550), een geweldig cadeau voor kinderen vanaf 10 jaar. Ze zullen weg zijn van de authentieke details in de kleding uit de serie Knabbel en Babbel: Rescue Rangers. die de twee eekhoorns elk een eigen karakter geven. Deze schattige bouwmodellen zijn inclusief bouwplaten om ze als blikvanger neer te kunnen zetten en vormen een aanwinst voor de verzameling van elke tekenfilmfan. Tekenfilmpersonages van LEGO stenen - bouwbare LEGO® BrickHeadz™ | Disney Knabbel & Babbel (40550) figuren, elk in hun kenmerkende kleding uit Disney's Knabbel en Babbel Rescue Rangers Vrolijke blikvanger - dit 226-delige LEGO® | Disney bouwspeelgoed voor kinderen vanaf 10 jaar bevat stapsgewijze bouwinstructies en bouwplaten om de modellen op een mooi plekje neer te zetten Leuk cadeau-idee - deze creatieve LEGO® bouwfiguren zijn ca. 9 cm hoog, 4 cm breed en 4 cm diep. Geef de set als verrassing cadeau aan een tekenfilmfan of een liefhebber van Knabbel en Babbel"
4,"https://www.lego.com/nl-nl/product/woody-and-bo-peep-40553","10+",296,"Woody & Bo Peep","€19,99","https://www.lego.com/cdn/cs/set/assets/blt2beab7732a79b586/40553.png","Zorg dat je twee favoriete filmpersonages altijd in de buurt zijn met deze LEGO® BrickHeadz™ bouwfiguren van Woody & Bo Peep (40553) uit Disney en Pixar's Toy Story en Toy Story 4. Deze set is een origineel cadeau voor kinderen vanaf 10 jaar, die weg zullen zijn van de authentieke details zoals de bekende cowboy-outfit van Woody en de schattige strik en herdersstaf van Bo Peep. Deze coole bouwmodellen zijn inclusief bouwplaten om ze op een mooi plekje neer te zetten en vormen een unieke aanwinst voor de verzameling van elke Toy Story fan. Disney personages in LEGO® BrickHeadz™ stijl - bouwbare LEGO BrickHeadz figuren van Disney en Pixar's Woody & Bo Peep (40553) in hun bekende outfits uit de film, met karakteristieke details Grappige blikvangers - dit 296-delige LEGO® | Disney en Pixar bouwspeelgoed voor kinderen vanaf 10 jaar bevat stapsgewijze bouwinstructies en bouwplaten om de modellen op een mooi plekje neer te zetten Cadeau-idee - de grootste bouwbare LEGO® figuur is ca. 9 cm hoog, 4 cm breed en 5 cm diep. Geef de set cadeau als leuke verrassing voor een fan van Disney en Pixar's Toy Story"
5,"https://www.lego.com/nl-nl/product/goofy-pluto-40378","10+",214,"Goofy en Pluto","€14,99","https://www.lego.com/cdn/cs/set/assets/blt4306c0eefd62f30f/40378.jpg","Deze Goofy en Pluto set (40378) met 2 klassieke Disney-figuren mag niet ontbreken in de collectie van LEGO® BrickHeadz™ verzamelaars. Goofy draagt zijn bekende coltrui en hoge groene hoed. Naast hem staat de speelse Pluto. Deze 2 lieve Disney-vrienden worden geleverd met stevige bodemplaten, waardoor je ze makkelijk kunt neerzetten. Geef ze samen een mooi plekje of zet ze naast andere BrickHeadz modellen. Verzamelaars van LEGO BrickHeadz kunnen elementen van verschillende sets combineren om leuke, zelfverzonnen personages te creëren. Met deze verzamelset kunnen kinderen leuke LEGO® BrickHeadz™ modellen bouwen van 2 van de meest herkenbare Disney-personages: Goofy en Pluto. De set is een geweldig cadeau voor LEGO® en Disney fans en biedt kinderen vanaf 10 jaar een leuke bouw- en speelervaring die bij hun leeftijd past. Goofy is ruim 8 cm en Pluto ruim 5 cm lang. Deze 214-delige bouwset stimuleert de creativiteit optimaal doordat kinderen de figuren kunnen bouwen, neerzetten en ermee kunnen spelen."
6,"https://www.lego.com/nl-nl/product/ahsoka-tano-40539","10+",164,"Ahsoka Tano™","€9,99","https://www.lego.com/cdn/cs/set/assets/bltad9845009a4ea9af/40539.png","Breng met deze 150e LEGO® BrickHeadz™ uitgave een ode aan een dappere Jedi met deze bouwbare figuur van het Star Wars: The Clone Wars personage Ahsoka Tano (40539). Een superleuk cadeau voor kinderen vanaf 10 jaar die van authentieke details houden, zoals de Star Wars: The Clone Wars outfit en 2 blauwe lichtzwaarden. Dit geweldige, kleine bouwspeelgoed is inclusief een bouwplaat, zodat je het model op een mooi plekje kunt neerzetten - een opvallende aanwinst voor de verzameling van elke Star Wars™ fan. Ahsoka Tano in LEGO® BrickHeadz™ stijl - een bouwbare LEGO BrickHeadz figuur van Jedi-held Ahsoka Tano (40539) in een Star Wars: The Clone Wars outfit met 2 blauwe lichtzwaarden Kleurrijke blikvanger - dit 164-delige LEGO® Star Wars™ bouwspeelgoed voor kinderen vanaf 10 jaar bevat stapsgewijze bouwinstructies en een bouwplaat om het model op een mooi plekje neer te zetten Een superleuk cadeau - dit creatieve bouwspeelgoed is ca. 9 cm hoog, 5 cm breed en 7 cm diep. Verras een Star Wars™ fan met dit cadeau voor een verjaardag, de feestdagen of een andere gelegenheid"
7,"https://www.lego.com/nl-nl/product/donald-duck-40377","10+",90,"Donald Duck","€9,99","https://www.lego.com/cdn/cs/set/assets/blta5f3e2a24976f32c/40377.jpg","Fans van LEGO® BrickHeadz™ en klassieke Disney personages zullen dit model van Donald Duck (40377) geweldig vinden. Bewonder Donalds schattige zeemansshirt, pet en strikje, en zijn oranje snavel, poten en voeten. Bij de schattige eend zit bovendien een stevige bodemplaat waardoor je hem zowel alleen als samen met andere klassieke BrickHeadz modellen eenvoudig kunt neerzetten. LEGO BrickHeadz verzamelaars zullen het fantastisch vinden om verschillende elementen van de modellen met elkaar te combineren en zo hun eigen, te gekke hybride figuren te maken. Met deze verzamelset kunnen kinderen een leuk LEGO® BrickHeadz™ model van Donald Duck bouwen met alle iconische details. De set is een geweldig cadeau voor LEGO® en Disney fans, en biedt kinderen vanaf 10 jaar een leuke bouw- en speelervaring die bij hun leeftijd past. Dit bouwbare Donald Duck speelgoed van ca. 8 cm hoog bestaat uit 90 onderdelen. Kinderen beleven creatief bouw- en speelplezier en kunnen het model ergens neerzetten"
8,"https://www.lego.com/nl-nl/product/daisy-duck-40476","10+",110,"Katrien Duck","€9,99","https://www.lego.com/cdn/cs/set/assets/blt80869a7768d1d207/40476.jpg","Verras een Disney fan met deze schattige LEGO® BrickHeadz™ | Disney Katrien Duck (40476) set die je kunt bouwen en neerzetten. De gedetailleerde figuur staat op een BrickHeadz standaard en is er klaar voor om de wereld te veroveren of een praatje te maken met haar grote liefde Donald Duck. Het model heeft een bouwbare strik en een nieuw gedrukt detail op het bovenlichaam. Deze set is een perfect cadeau voor Disney fans, BrickHeadz verzamelaars en liefhebbers van stripfiguren. Bouwset om te verzamelen met een cool LEGO® BrickHeadz™ model van Disney's beroemde Katrien Duck. Een geweldig cadeau voor LEGO® fans, BrickHeadz™ verzamelaars en Disney fans van 10 jaar en ouder. Dit 110-delige model is ca. 10 cm hoog en bestaat uit een gedetailleerde figuur met een bouwbare strik en een nieuw gedrukt detail op het bovenlichaam, plus een BrickHeadz™ standaard."
9,"https://www.lego.com/nl-nl/product/lion-dance-guy-40540","10+",239,"Leeuwendanser","€9,99","https://www.lego.com/cdn/cs/set/assets/blt29d71e0f0a2b3015/40540.png","Vier Chinees Nieuwjaar met deze leuke LEGO® BrickHeadz™ Leeuwendanser (40540). Dit kleurrijke en schitterend versierde model is geïnspireerd op de traditionele Chinese leeuwendans. De bek is beweegbaar om de uitdrukking van de leeuw te veranderen. Inclusief 2 trommels en een rode lantaarn. Geschikt voor kinderen vanaf 10 jaar, om mee te spelen of neer te zetten op de bijgeleverde bouwplaat. Leeuwendanser (40540) in LEGO® BrickHeadz™ stijl - een bouwmodel geïnspireerd op de traditionele Chinese leeuwendans, voor een extra vrolijk tintje tijdens de viering van Chinees Nieuwjaar Cadeau voor kinderen - een leuke en snelle bouwervaring voor fans van de Chinese cultuur van 10 jaar en ouder, die door middel van stapsgewijze instructies door het bouwproces worden geleid Spelen en neerzetten - het leeuwenmodel is ca. 12 cm hoog en is inclusief 2 trommels en een rode lantaarn. Kinderen kunnen ermee spelen of het vol trots neerzetten op de bouwplaat"
10,"https://www.lego.com/nl-nl/product/disney-100th-celebration-40622","10+",501,"Disney's 100e verjaardag","€39,99","https://www.lego.com/cdn/cs/set/assets/blt53f90da1418512e7/40622.png","Kinderen vanaf 10 jaar krijgen Disney magie in handen met deze LEGO® BrickHeadz™ | Disney's 100e verjaardag (40622) set, bestaande uit Oswald het Gelukskonijn (Disney's eerste personage), Mickey Mouse (de eerste animatiefiguur ooit), Sneeuwwitje (de ster uit Disney's eerste film) en Tinkelbel (de eerste Disneyland mascotte). Zet de modellen in elkaar, plaats ze elk op hun eigen bouwplaat en geef ze een mooi plekje. Sneeuwwitje's lichaam kan ook nog worden versierd. Een superleuk verzamelcadeau voor echte Disney fans! Klassieke personages - de bouwbare BrickHeadz™ LEGO® figuren van Disney's Oswald het Gelukskonijn, Mickey Mouse, Sneeuwwitje en Tinkelbel in deze Disney's 100e verjaardag (40622) set zijn klaar om te worden bewonderd Sterrenparade - deze 501-delige LEGO® BrickHeadz™ verzamelset voor kinderen vanaf 10 jaar is inclusief stapsgewijze bouwinstructies en bouwplaten om de modellen op een mooi plekje neer te zetten. Een superleuk cadeau voor echte Disney fans Afmetingen - Oswald, Mickey Mouse, Sneeuwwitje en Tinkelbel zijn allemaal ca. 9 cm hoog"
11,"https://www.lego.com/nl-nl/product/battle-of-endor-heroes-40623","10+",549,"Slag om Endor™ helden","€39,99","https://www.lego.com/cdn/cs/set/assets/blt6ca0aa8d223ed976/40623.png","Vier het 40e jubileum van Star Wars: Return of the Jedi met 5 helden uit de Slag om Endor (40623). Deze set is een geweldig cadeau voor fans van 10 jaar en ouder en bevat bouwbare LEGO® BrickHeadz™ Star Wars™ figuren van Luke Skywalker, R2-D2, Lando Calrissian, Wicket en prinses Leia in authentieke outfits, plus Luke's lichtzwaard, Wickets speer en Leia's snack. De bouwbare personages om te verzamelen staan elk op hun eigen bouwplaat. Zet ze bij elkaar voor een krachtige blikvanger. Bouw 5 Slag om Endor helden (40623) - bouwbare LEGO® BrickHeadz™ figuren van Luke Skywalker, R2-D2, Lando Calrissian, Wicket en prinses Leia in Star Wars: Return of the Jedi outfits Gemaakt om neer te zetten - elk personage in deze bouwset met 549 onderdelen voor kinderen vanaf 10 jaar staat op een eigen bouwplaat. Ook inclusief Luke's lichtzwaard, Wickets speer en Leia's snack Cadeau van topkwaliteit - deze set is een leuk cadeau voor een verjaardag of de feestdagen voor Star Wars™ fans van 10 jaar en ouder. De R2-D2 LEGO® droid figuur is ca. 5 cm hoog"
12,"https://www.lego.com/nl-nl/product/scrooge-mcduck-huey-dewey-louie-40477","10+",340,"Dagobert Duck, Kwik, Kwek en Kwak","€24,99","https://www.lego.com/cdn/cs/set/assets/bltee28d035d27d0ac6/40477.jpg","Maak indruk op Disney fans met deze LEGO® BrickHeadz™ ǀ Disney Dagobert Duck, Kwik, Kwek en Kwak (40477) set die je kunt bouwen en neerzetten. De gedetailleerde figuren staan op zwarte BrickHeadz standaarden en zijn er klaar voor om geld te tellen of kattenkwaad uit te halen. De figuren zijn voorzien van leuke details, zoals de bekende hoge hoed van Dagobert en de bedrukte tegel op zijn bovenlichaam. Kwik, Kwek en Kwak hebben bijpassende honkbalpetten en T-shirts. Deze set met bouwbare figuren is een geweldig cadeau voor Disney fans, BrickHeadz verzamelaars en liefhebbers van stripfiguren. Bouwset om te verzamelen met coole LEGO® BrickHeadz™ versies van de beroemde Dagobert Duck en zijn achterneefjes Kwik, Kwek en Kwak. Een geweldig cadeau voor LEGO® fans, BrickHeadz™ verzamelaars en Disney fans van 10 jaar en ouder. Disney's Dagobert Duck is ca. 10 cm hoog en de jonge eendjes zijn elk ca. 6 cm hoog. Deze 340-delige set bevat 4 figuren, elk met een zwarte BrickHeadz™ standaard."
13,"https://www.lego.com/nl-nl/product/aragorn-arwen-40632","10+",261,"Aragorn™ & Arwen™","€19,99","https://www.lego.com/cdn/cs/set/assets/blta84e06d436db4688/40632.png","Denk terug aan de bruiloft van Aragorn™ en Arwen™ in The Lord of the Rings: The Return of the King met deze LEGO® BrickHeadz™ figuren (40632) om te verzamelen. Aragorn draagt zijn koninklijke outfit met een kroon en Arwen ziet er prachtig uit in een groene trouwjurk van LEGO stenen en een tiara. Deze bouwset om neer te zetten is een leuk cadeau voor een verjaardag, de feestdagen of zomaar tussendoor voor fans van The Lord of the Rings™, LEGO bouwers en LEGO BrickHeadz verzamelaars. LEGO® BrickHeadz™ Aragorn™ & Arwen™ bouwset (40632) - met LEGO BrickHeadz verzamelfiguren van Aragorn en Arwen in hun trouwkleding uit The Lord of the Rings: The Return of the King Cadeau-idee voor kinderen vanaf 10 jaar - deze 261-delige constructieset is een leuk cadeau voor fans van The Lord of the Rings™, LEGO® bouwers en LEGO BrickHeadz™ verzamelaars Bouwen en neerzetten - de Aragorn™ en Arwen™ figuren zijn allebei ca. 9 cm hoog. Beide modellen hebben een bouwplaat om ze op te zetten"
14,"https://www.lego.com/nl-nl/product/cruella-maleficent-40620","10+",320,"Cruella & Maleficent","€19,99","https://www.lego.com/cdn/cs/set/assets/blt118a635a998fccfa/40620.png","Maak filmfans en kinderen van 10 jaar en ouder blij met deze BrickHeadz™ set met bouwbare LEGO® figuren van Disney's klassieke Cruella & Maleficent (40620). Bouw beide gedetailleerde modellen, zet ze elk op hun eigen bouwplaat en geef ze een mooi plekje in je huis of op kantoor. De set bestaat uit 320 onderdelen om de 2 LEGO figuren mee te creëren. Het lichaam van Maleficent kan worden versierd met een sticker. Deze verzamelset is een leuke verrassing en een prachtige blikvanger voor kinderen en fans van de Disney films met Cruella en Maleficent. Schurken van LEGO stenen - bouwbare LEGO® BrickHeadz™ figuren van Disney's Cruella & Maleficent (40620) om neer te zetten. Een leuk cadeau voor filmfans of oudere kinderen met een passie voor Disney schurken Angstaanjagend leuke blikvanger - deze 320-delige LEGO® BrickHeadz™ bouwset om te verzamelen voor kinderen vanaf 10 jaar bevat stapsgewijze bouwinstructies en bouwplaten om de modellen op een mooi plekje neer te zetten Afmetingen - Cruella de Vil is ca. 8 cm hoog en Maleficent is ca. 9 cm hoog"
15,"https://www.lego.com/nl-nl/product/the-mandalorian-the-child-75317","10+",295,"De Mandalorian™ en het Kind","€19,99","https://www.lego.com/cdn/cs/set/assets/bltf26654748edaee26/75317.png","herinneringen op aan geweldige Star Wars: The Mandalorian verhalen met dit leuke bouwspeelgoed voor creatieve kinderen, bestaande uit LEGO® BrickHeadz™ versies van de Mandalorian en het Kind (75317). Fans zullen de authentieke details, zoals de kenmerkende wapens van de Mandalorian - een blastergeweer en een blasterpistool - zeker waarderen. De oren van het Kind zijn te verstellen, zodat het er vrolijk of triest uitziet en het zit in een zweefkinderwagen die 'zweeft' op 4 doorzichtige LEGO elementen. Leuk om te bouwen, cool om neer te zetten Dit geweldige bouwspeelgoed is een echte aanwinst voor de verzameling van iedere Star Wars™ fan. Het is leuk om zelf of met vrienden of familie te bouwen en de bouwbare LEGO figuren hebben allebei een eigen bouwplaat waarmee je een opvallende blikvanger kunt creëren. Al sinds 1999 maakt de LEGO Groep beroemde ruimteschepen, voertuigen, locaties en personages uit het legendarische Star Wars universum. LEGO Star Wars is inmiddels het meest succesvolle thema, met een enorme variëteit aan cadeau-ideeën om jong en oud mee te verrassen op een verjaardag, een feestdag of een andere speciale gelegenheid."
16,"https://www.lego.com/nl-nl/product/draco-malfoy-cedric-diggory-40617","10+",262,"Draco Malfidus™ en Carlo Kannewasser","€19,99","https://www.lego.com/cdn/cs/set/assets/bltb41a29af06e4bccc/40617.png","Laat Harry Potter™ fans terugdenken aan de spannendste Zwerkbal™ wedstrijden met deze LEGO® BrickHeadz™ Draco Malfidus™ en Carlo Kannewasser (40617) figuren. De van stenen gebouwde personages zijn gekleed in de uniformen van Zwadderich™ en Huffelpuf™ die ze dragen tijdens Zwerkbalwedstrijden. De set is een inspirerend LEGO cadeau voor kinderen vanaf 10 jaar en bevat een afdelingsbeker en 2 bezemsteelaccessoires. Draco Malfidus™ en Carlo Kannewasser in LEGO® BrickHeadz™ stijl (40617) - bouw de 2 personages in hun eigen Zwerkbal™ uniformen en zet ze neer terwijl ze de huisbeker en 2 bezemsteelaccessoires vasthouden Gemaakt om gezien te worden - elk bouwbare personage is ca. 6 cm hoog, inclusief de bouwplaat Cadeau-idee voor kinderen vanaf 10 jaar - geef deze 262-delige LEGO® set cadeau aan een Harry Potter™ fan voor een verjaardag, de feestdagen of als verrassing"
17,"https://www.lego.com/nl-nl/product/gandalf-the-grey-balrog-40631","10+",348,"Gandalf de Grijze™ & Balrog™","€19,99","https://www.lego.com/cdn/cs/set/assets/blt625e667e3b206d20/40631.png","You shall not pass! Leg een beroemde confrontatie vast uit The Lord of the Rings: The Fellowship of the Ring met deze LEGO® BrickHeadz™ Gandalf de Grijze™ & Balrog™ bouwset (40631) om te verzamelen. Creëer herkenbare details van de tovenaar Gandalf de Grijze en het vlammende beest Balrog en zet de bouwbare figuren vol trots op een mooi plekje neer. Deze set is een magische verrassing voor een verjaardag of de feestdagen voor fans van The Lord of the Rings™, LEGO bouwers en LEGO BrickHeadz verzamelaars. LEGO® BrickHeadz™ Gandalf de Grijze™ & Balrog™ bouwset (40631) - een LEGO BrickHeadz Gandalf figuur met een zwaard en staf en een Balrog figuur met een zweep Cadeau-idee voor kinderen vanaf 10 jaar - deze 348-delige constructieset is een leuk cadeau voor fans van The Lord of the Rings™, LEGO® bouwers en LEGO BrickHeadz™ verzamelaars Bouwen en neerzetten - de Gandalf de Grijze™ en Balrog™ figuren zijn allebei ca. 9 cm hoog. Beide verzamelmodellen zijn inclusief een bouwplaat om het modelop te zetten"
18,"https://www.lego.com/nl-nl/product/harry-potter-cho-chang-40616","10+",267,"Harry Potter™ en Cho Chang","€19,99","https://www.lego.com/cdn/cs/set/assets/blt1ced90e8c199e31f/40616.png","Fans kunnen spannende Zwerkbal™ verhalen verzinnen terwijl ze deze LEGO® BrickHeadz™ Harry Potter™ en Cho Chang (40616) figuren bouwen. Met authentieke details, zoals de Zwerkbaluniformen van de afdelingen Griffoendor™ en Ravenklauw™ plus een Gouden Snaai™ en bezemstelen, vormt dit bouwbare duo een magisch LEGO cadeau voor kinderen vanaf 10 jaar en Harry Potter verzamelaars. Harry Potter™ en Cho Chang in LEGO® BrickHeadz™ stijl (40616) - bouw de 2 personages in hun eigen Zwerkbal™ uniformen en zet ze neer terwijl ze de bezemsteel en Gouden Snaai™ accessoires vasthouden Gemaakt om gezien te worden - elk bouwbare personage is ca. 8 cm hoog, inclusief de bouwplaat LEGO® Harry Potter™ cadeau-idee voor kinderen vanaf 10 jaar - geef deze 267-delige bouwset cadeau aan een Harry Potter fan voor een verjaardag, de feestdagen of als verrassing"
19,"https://www.lego.com/nl-nl/product/jake-sully-his-avatar-40554","10+",246,"Jake Sully en zijn avatar","€19,99","https://www.lego.com/cdn/cs/set/assets/blt706954aeb479e8e1/40554.png","Fans van LEGO® BrickHeadz™ en liefhebbers van de film Avatar zullen weg zijn van deze Jake Sully en zijn avatar (40554) set, waarin Jake te zien is in zijn menselijke vorm, met een bevestigbare rolstoel, en als avatar met zijn Na'vi-speer. De beide versies van het personage staan op een stevige basisplaat, zodat ze perfect zijn om mee te spelen en neer te zetten. Verzamelaars van LEGO BrickHeadz sets kunnen bovendien extra lol beleven door modellen te combineren en hun eigen maffe, hybride personages te maken. Verzamel- en bouwset - leuke LEGO® BrickHeadz™ afbeeldingen van Jake Sully en zijn avatar (40554) Een traktatie voor elke gelegenheid  - geef deze set cadeau voor een verjaardag, de feestdagen of als verrassing aan kinderen en fans van de Avatar-films vanaf 10 jaar Afmetingen - Jake is in menselijke vorm met rolstoel ca. 8 cm hoog en ca. 12 cm hoog als Avatar"
20,"https://www.lego.com/nl-nl/product/fc-barcelona-go-brick-me-40542","10+",530,"Maak mij van stenen - FC Barcelona","€19,99","https://www.lego.com/cdn/cs/set/assets/bltbb52d0c83adf3b6a/40542.png","Kinderen en fans van FC Barcelona zullen het geweldig vinden om een BrickHeadz™ model van zichzelf te maken als speler van een van de grootste voetbalclubs ter wereld! Ze kunnen kiezen uit 3 verschillende huidtinten, 4 haarkleuren en allerlei haarstijlen zoals stekeltjes, een staart, een hanenkam of opgeschoren. Op de voorkant van het shirt staat het bekende logo van de club en er zijn 2 stickervellen inbegrepen waarmee fans het rugnummer van hun keuze aan het model kunnen geven. Word een FC Barcelona speler in LEGO® BrickHeadz™ vorm! - kinderen van 10 jaar en ouder kunnen een model van zichzelf maken in het shirt van een van de grootste voetbalclubs ter wereld Aanpasbaar model - kinderen kunnen kiezen uit 3 verschillende huidtinten, 4 haarkleuren en allerlei haarstijlen. Ze kunnen ook hun eigen rugnummer kiezen dankzij de 2 meegeleverde stickervellen Spelen en neerzetten - het model is ca. 8 cm hoog en inclusief een klein doel en een voetbal, zodat FC Barcelona fans nog meer plezier kunnen beleven"
21,"https://www.lego.com/nl-nl/product/manchester-united-go-brick-me-40541","10+",530,"Maak mij van stenen - Manchester United","€19,99","https://www.lego.com/cdn/cs/set/assets/blt44a2a2ec01440357/40541.png","Kinderen en fans van Manchester United zullen het geweldig vinden om een BrickHeadz™ model van zichzelf te maken als speler van een van de beroemdste voetbalclubs ter wereld! Ze kunnen kiezen uit 3 verschillende huidtinten, 4 haarkleuren en allerlei haarstijlen, zoals stekeltjes, een staart, een hanenkam of opgeschoren. Op de voorkant van het shirt staat het bekende logo van de club en er zijn 2 stickervellen inbegrepen waarmee fans het rugnummer van hun keuze aan het model kunnen geven. Word een Manchester United speler in LEGO® BrickHeadz™ vorm! - kinderen van 10 jaar en ouder kunnen een model van zichzelf maken in het shirt van een van de beroemdste voetbalclubs ter wereld Aanpasbaar model - kinderen kunnen kiezen uit 3 verschillende huidtinten, 4 haarkleuren en allerlei haarstijlen. Ze kunnen ook hun eigen rugnummer kiezen dankzij de 2 meegeleverde stickervellen Spelen en neerzetten - het model is ca. 8 cm hoog en inclusief een klein doel en een voetbal, zodat Manchester United fans nog meer plezier kunnen beleven"
22,"https://www.lego.com/nl-nl/product/obi-wan-kenobi-darth-vader-40547","10+",260,"Obi-Wan Kenobi™ & Darth Vader™","€19,99","https://www.lego.com/cdn/cs/set/assets/blt4be686c9aaced5fa/40547.png","Fans beleven legendarische scènes uit Star Wars: Obi-Wan Kenobi opnieuw wanneer ze de LEGO® BrickHeadz™ versies van de beroemde personages Obi-Wan Kenobi en Darth Vader bouwen. De Kracht is sterk aanwezig in dit duo met authentieke details, zoals Darth Vaders rode ogen en een lichtzwaard voor elke bouwbare LEGO® figuur, plus bouwplaten om ze op neer te zetten. Dit creatieve bouwspeelgoed voor fans vanaf 10 jaar is een geweldige aanwinst voor elke Star Wars™ verzameling. Beroemde Star Wars™ personages in LEGO® BrickHeadz™ stijl - bouwbare LEGO BrickHeadz figuren van Obi-Wan Kenobi en Darth Vader (40547) met lichtzwaarden Gemaakt om gezien te worden - elke bouwbare LEGO® figuur is ca. 8 cm hoog. In de doos vind je bouwplaten en stapsgewijze bouwinstructies Cadeau-idee voor fans vanaf 10 jaar - deze 260-delige speelgoedbouwset is een leuk cadeau voor een verjaardag, de feestdagen of een andere gelegenheid voor kinderen en volwassen Star Wars™ fans"
23,"https://www.lego.com/nl-nl/product/kingsley-shacklebolt-nymphadora-tonks-40618","10+",250,"Romeo Wolkenveldt™ en Nymphadora Tops™","€19,99","https://www.lego.com/cdn/cs/set/assets/bltf64d724119306dde/40618.png","Fans kunnen scènes uit Harry Potter en de Orde van de Feniks™ opnieuw beleven terwijl ze deze kleurrijke LEGO® Harry Potter™ Romeo Wolkenveldt™ en Nymphadora Tops™ figuren (40618) bouwen. Het uiterlijk van deze populaire personages, van Nymphadora's felroze haar tot Romeo's stijlvolle hoofddeksel, is op een slimme manier weergegeven in LEGO BrickHeadz™ stijl. Deze LEGO set is geschikt voor kinderen vanaf 10 jaar en een leuke cadeautip voor Harry Potter fans en verzamelaars. Bouwbare Romeo Wolkenveldt™ en Nymphadora Tops™ figuren (40618) - maak het uiterlijk en de opvallende outfits van 2 populaire Harry Potter™ personages na in LEGO® BrickHeadz™ stijl Gemaakt om gezien te worden - elk bouwbare personage is ca. 8 cm hoog, inclusief de bouwplaat Cadeau-idee voor kinderen vanaf 10 jaar - geef deze 250-delige LEGO® bouwset cadeau aan een Harry Potter™ fan voor een verjaardag, de feestdagen of als verrassing"
24,"https://www.lego.com/nl-nl/product/moana-merida-40621","10+",410,"Vaiana & Merida","€19,99","https://www.lego.com/cdn/cs/set/assets/blt5f017d6b3a43be0f/40621.png","Inspireer kinderen van 10 jaar en ouder met deze BrickHeadz™ set met bouwbare LEGO® figuren van Disney's Vaiana en Disney•Pixar's Merida (40621). Filmfans kunnen de gedetailleerde modellen bouwen, elk op hun eigen bouwplaats zetten en ze een mooi plekje geven in huis of op kantoor. De set bestaat uit 410 onderdelen om de 2 LEGO figuren mee te creëren. Vaiana's rok kan worden versierd zoals in de film. Deze set is een leuk cadeau voor een verjaardag of de feestdagen en een prachtig verzamelmodelvoor fans van de films. Opvallende personages van LEGO stenen - bouwbare LEGO® BrickHeadz™ figuren van Disney's Vaiana en Disney Pixar's Merida (40621). Een leuk cadeau voor filmfans of oudere kinderen die van inspirerende rolmodellen houden Avontuurlijke blikvanger - deze 410-delige LEGO® BrickHeadz™ bouwset om te verzamelen voor kinderen vanaf 10 jaar bevat stapsgewijze bouwinstructies en bouwplaten om de modellen op een mooi plekje neer te zetten Afmetingen - Vaiana en Merida zijn allebei ca. 8 cm hoog"
25,"https://www.lego.com/nl-nl/product/eve-wall-e-40619","10+",155,"EVE & WALL•E","€14,99","https://www.lego.com/cdn/cs/set/assets/bltb0cea89fda9246a6/40619.png","Fascineer filmfans en kinderen van 10 jaar en ouder met deze leuke BrickHeadz™ set met bouwbare LEGO® figuren van Disney•Pixar's EVE & WALL•E (40619). Bouw beide gedetailleerde modellen, zet ze elk op hun eigen bouwplaat en geef ze een mooi plekje. De verzamelset bestaat uit 155 onderdelen om de robots mee te creëren, plus een klein plantelement. Het lichaam en de ogen van WALL•E worden versierd met stickers. Deze set is een leuk cadeau voor de feestdagen of een verjaardag en een prachtige blikvanger voor kinderen en fans van de Disney•Pixar film WALL•E. Leuke robotpersonages - bouwbare LEGO® BrickHeadz™ figuren van Disney•Pixar's EVE & WALL•E (40619) om neer te zetten. Een creatief cadeau voor filmfans of oudere kinderen met een passie voor robots Hightech displaymodel - deze 155-delige LEGO® BrickHeadz™ bouwset om te verzamelen voor kinderen vanaf 10 jaar bevat stapsgewijze bouwinstructies en bouwplaten om de modellen op een mooi plekje neer te zetten Afmetingen - WALL•E is ca. 5 cm hoog en EVE is ca. 8 cm hoog"
26,"https://www.lego.com/nl-nl/product/frodo-gollum-40630","10+",184,"Frodo™ & Gollem™","€14,99","https://www.lego.com/cdn/cs/set/assets/blt66f9f99e366a124d/40630.png","Fans van de The Lord of the Rings™ saga zullen weg zijn van deze LEGO® BrickHeadz™ Frodo™ & Gollem™ verzamelset (40630). Frodo is een volledige LEGO BrickHeadz figuur met een mantel van LEGO stenen, een ring en een zwaard. De Gollem figuur is kleiner om de verhouding tussen de twee personages weer te geven en houdt een vis vast - zijn favoriete eten. Dit bouwbare displaymodel is een geweldig cadeau voor fans van The Lord of the Rings, LEGO bouwers en LEGO BrickHeadz verzamelaars. LEGO® BrickHeadz™ Frodo™ & Gollem™ bouwset (40630) om te verzamelen - een LEGO BrickHeadz Frodo figuur op volledige grootte met zwaard en ring en een kleiner model van Gollem met een viselement Cadeau-idee voor kinderen vanaf 10 jaar - deze 184-delige constructieset is een leuk cadeau voor fans van The Lord of the Rings™, LEGO® bouwers en LEGO BrickHeadz™ verzamelaars Bouwen en bewonderen - Frodo™ is ca. 8 cm hoog en Gollem™ is ca. 5 cm hoog. Elk model is inclusief een bouwplaat om het op neer te zetten"
27,"https://www.lego.com/nl-nl/product/alex-40624","10+",86,"Alex","€9,99","https://www.lego.com/cdn/cs/set/assets/bltc971a95594361e17/40624.png","Verras een Minecraft® speler van 10 jaar of ouder met dit leuke cadeautje. LEGO® BrickHeadz™ Alex (40624) is een BrickHeadz versie om te verzamelen van een van de populairste personages uit de game. De figuur heeft authentieke Minecraft details zoals een diamanten houweel en is geschikt om mee te spelen en neer te zetten. Dit BrickHeadz personage is ca. 8 cm hoog en staat geweldig in elke kinderkamer. Cadeau voor Minecraft® spelers - LEGO® BrickHeadz™ Alex (40624) is een bouwmodel van een van de bekendste helden uit de game Minecraft Authentieke details - de realistische Minecraft® figuur is uitgerust met de bekende diamanten houweel van het personage Gemaakt om mee te spelen en neer te zetten - deze figuur uit de BrickHeadz™ serie (elk apart verkrijgbaar) is ca. 8 cm hoog en wordt geleverd met een bouwplaat om hem op neer te zetten"
28,"https://www.lego.com/nl-nl/product/llama-40625","10+",100,"Lama","€9,99","https://www.lego.com/cdn/cs/set/assets/blt3cdc497329da8dfc/40625.png","Minecraft® spelers zullen bekend zijn met de schattige lama mobs uit het spel. Met de LEGO® BrickHeadz™ Lama (40625) kunnen kinderen het populaire personage met trots neerzetten zodat iedereen het kan bewonderen. De bouwbare BrickHeadz figuur is ca. 8 cm hoog en wordt geleverd met een bouwplaat - ideaal om mee te spelen en neer te zetten in een kinderkamer. Cadeau voor Minecraft® spelers - de LEGO® BrickHeadz™ Lama (40625) is een bouwbaar model van een van de populairste mobs uit de game Minecraft Authentieke details - deze vrolijk gekleurde figuur is een gedetailleerde LEGO® versie van de bekende Minecraft® mob Gemaakt om mee te spelen en neer te zetten - deze figuur uit de BrickHeadz™ serie (elk apart verkrijgbaar) is ca. 8 cm hoog en wordt geleverd met een bouwplaat om hem op neer te zetten"
29,"https://www.lego.com/nl-nl/product/tusken-raider-40615","10+",152,"Tusken Raider™","€9,99","https://www.lego.com/cdn/cs/set/assets/blt680e77b1a610f01f/40615.png","Star Wars™ fans kunnen spannende scènes op Tatooine herbeleven tijdens het bouwen van dit LEGO® BrickHeadz™ Tusken Raider (40615) personage. Met authentieke details zoals de Star Wars: A New Hope outfit, plus een gaffi stick en blaster. Een cool cadeau voor fans vanaf 10 jaar of Star Wars verzamelaars. Dit bouwbare personage is inclusief een bouwplaat en vormt een opvallende aanvulling op elke verzameling Star Wars bouwspeelgoed. Tusken Raider in LEGO® BrickHeadz™ stijl - een bouwbaar LEGO BrickHeadz Tusken Raider (40615) personage in een Star Wars: A New Hope outfit, inclusief een gaffi stick en een blaster Een echte blikvanger - deze 152-delige LEGO® Star Wars™ bouwset voor kinderen vanaf 10 jaar bevat stapsgewijze bouwinstructies en een bouwplaat om het model op een mooi plekje neer te zetten Cadeautip - dit Star Wars™ bouwspeelgoed is ca. 8 cm hoog, 5 cm breed en 5 cm diep. Geef het cadeau aan een Star Wars fan voor een verjaardag, de feestdagen of een andere gelegenheid"
30,"https://www.lego.com/nl-nl/product/zombie-40626","10+",81,"Zombie","€9,99","https://www.lego.com/cdn/cs/set/assets/bltf04ba10d32779189/40626.png","Zombies zijn de bekendste vijandige mobs uit de game Minecraft®. Nu kunnen Minecraft spelers vanaf 10 jaar hun eigen LEGO® BrickHeadz™ Zombie (40626) bouwen. De figuur met authentieke details is ca. 8 cm hoog en wordt geleverd met een bouwplaat - ideaal om mee te spelen en neer te zetten op een mooi plekje. Cadeau voor Minecraft® spelers - LEGO® BrickHeadz™ Zombie (40626) is een bouwmodel van een van de bekendste vijandige mobs uit de game Minecraft Authentieke details - deze felgekleurde en nauwkeurige replica van het Minecraft® personage is voorzien van een bijl Gemaakt om mee te spelen en neer te zetten - deze figuur uit de BrickHeadz™ serie (elk apart verkrijgbaar) is ca. 8 cm hoog en wordt geleverd met een bouwplaat om hem op neer te zetten"
31,"https://www.lego.com/nl-nl/product/miles-tails-prower-40628","10+",131,"Miles 'Tails' Prower","€9,99","https://www.lego.com/cdn/cs/set/assets/blt5124bf0c4d89c5c8/40628.png","De lieve Tails is een favoriet uit het Sonic the Hedgehog™ universum. Fans van de vos met twee staarten kunnen nu een eerbetoon brengen aan de loyaliteit van de slimme Tails met deze LEGO® BrickHeadz™ Miles 'Tails' Prower (40628) set. De bouwset is inclusief een bouwplaat, zodat kinderen vanaf 10 jaar een leuke blikvanger voor op hun bureau of naast hun gamecomputer kunnen bouwen. Bouw Tails na in BrickHeadz™ stijl - een cadeau voor iedereen vanaf 10 jaar die fan is van Tails uit het Sonic the Hedgehog™ universum Een leuk displaymodel - deze LEGO® BrickHeadz™ Miles 'Tails' Prower (40628) set bevat een bouwplaat, zodat fans een blikvanger kunnen maken voor op hun bureau of naast hun gamecomputer Afmetingen - Tails is ca. 8 cm hoog"
32,"https://www.lego.com/nl-nl/product/sonic-the-hedgehog-40627","10+",139,"Sonic the Hedgehog™","€9,99","https://www.lego.com/cdn/cs/set/assets/bltbfde534d2f7588d6/40627.png","Fans van Sonic the Hedgehog™ zullen het geweldig vinden om even niet op een scherm te kijken en een eerbetoon te brengen aan hun favoriete blauwe held. Deze LEGO® BrickHeadz™ Sonic the Hedgehog™ (40627) set is inclusief een bouwplaat en vormt een leuke blikvanger op je bureau of naast je gamecomputer. Een ideaal cadeau voor Sonic fans van 10 jaar en ouder. Bouw Sonic the Hedgehog™ na in BrickHeadz™ stijl - een cadeau voor Sonic fans van 10 jaar en ouder Een leuk displaymodel - deze LEGO® BrickHeadz™ Sonic the Hedgehog™ (40627) set bevat een bouwplaat, zodat fans een blikvanger kunnen maken voor op hun bureau of naast hun gamecomputer Afmetingen - Sonic the Hedgehog™ is ca. 8 cm hoog"
33,"https://www.lego.com/nl-nl/product/belle-bottom-kevin-and-bob-40421","10+",309,"Belle Bottom, Kevin en Bob","€19,99","https://www.lego.com/cdn/cs/set/assets/blt284e031ff0ef020f/40421.jpg","LEGO® BrickHeadz™ Belle Bottom, Kevin en Bob (40421) bevat 3 personages uit de Minions film: Belle Bottom, Minion Kevin en Minion Bob met een wapen. Net als de andere modellen uit de LEGO BrickHeadz collectie worden deze 3 geleverd met een uniek personage-ID en een robuuste bouwplaat waarop je ze eenvoudig kunt neerzetten - alleen, als groep of bij andere BrickHeadz modellen. Met dit 309-delige bouwspeelgoed kunnen kinderen 3 bekende LEGO® BrickHeadz™ personages uit de film Minions: The Rise of Gru bouwen. De set is een geweldig cadeau voor LEGO® fans en Minions liefhebbers en biedt kinderen vanaf 10 jaar een leuke bouw- en speelervaring die bij hun leeftijd past. Te combineren met LEGO® BrickHeadz™ Gru, Stuart en Otto 40420 voor nog meer doldwaze speelavonturen. Met de figuren van Belle Bottom van ca. 9 cm hoog, Minion Kevin van ca. 8 cm hoog en Minion Bob van ca. 5 cm hoog beleven kinderen urenlang bouw- en speelplezier, waarna ze de set ook als blikvanger kunnen neerzetten."
34,"https://www.lego.com/nl-nl/product/wedding-bride-40383","10+",306,"Bruid","€12,99","https://www.lego.com/cdn/cs/set/assets/blt4ab3e36aa1209102/40383.jpg","Deze LEGO® BrickHeadz™ Bruid (40383) is een leuke manier om een aanstaand huwelijk te vieren - of het nu de bruiloft van een vriendin, een familielid of die van jezelf is! Het bouwbare model wordt geleverd met een bril, bloemen, jurkdecoraties, een ring en andere optionele onderdelen om de gezichtsuitdrukking, het haar en de huidskleur van de bruid te personaliseren. Met minimaal 14 mogelijke looks is er volop gelegenheid om creatief aan de slag te gaan voor de grote dag! Dit LEGO® BrickHeadz™ model van een mooie bruid om zelf te bouwen en te verzamelen, met aanpasbare gezichtsuitdrukking, haar en huidskleur, is een geweldig cadeau voor een aanstaande bruid. De set is eenvoudig en leuk om te bouwen en geschikt voor iedereen van 10 jaar en ouder. Met 306 onderdelen en een hoogte van ca. 8 cm ziet deze bouwbare bruid er geweldig uit in combinatie met de LEGO® BrickHeadz™ Bruidegom (40384) of een andere bruid!"